{"cameraMode":{"drawMode":0,"name":"Shaded","section":"Shading Mode"},"sceneLighting":false,"audioPlay":false,"sceneViewState":{"m_AlwaysRefresh":false,"showFog":true,"showSkybox":false,"showFlares":true,"showImageEffects":true,"showParticleSystems":true,"showVisualEffectGraphs":true,"m_FxEnabled":true},"in2DMode":false,"pivot":{"x":300.4529724121094,"y":164.19668579101563,"z":-0.32608795166015627},"rotation":{"x":-0.03059661015868187,"y":0.005997298285365105,"z":0.00018241326324641705,"w":0.9995168447494507},"size":52.705318450927737,"orthographic":false}